{"cameraMode":{"drawMode":0,"name":"Shaded","section":"Shading Mode"},"sceneLighting":true,"audioPlay":false,"sceneViewState":{"showFog":true,"showMaterialUpdate":false,"showSkybox":true,"showFlares":true,"showImageEffects":true,"showParticleSystems":true},"in2DMode":false,"pivot":{"x":0.01617303490638733,"y":0.0808354988694191,"z":0.0001307278871536255},"rotation":{"x":0.3959852457046509,"y":0.031670186668634418,"z":-0.013666876591742039,"w":0.9176068305969238},"size":0.5287835597991943,"orthographic":true}