{"cameraMode":{"drawMode":0,"name":"Shaded","section":"Shading Mode"},"sceneLighting":true,"audioPlay":false,"sceneViewState":{"showFog":true,"showMaterialUpdate":false,"showSkybox":true,"showFlares":true,"showImageEffects":true,"showParticleSystems":true},"in2DMode":false,"pivot":{"x":0.010238762944936753,"y":0.0003780124243348837,"z":0.10841087996959686},"rotation":{"x":-0.005978768691420555,"y":0.08389982581138611,"z":0.0005033148918300867,"w":0.9964553117752075},"size":0.09656842797994614,"orthographic":false}