{"cameraMode":{"drawMode":0,"name":"Shaded","section":"Shading Mode"},"sceneLighting":true,"audioPlay":false,"sceneViewState":{"showFog":true,"showMaterialUpdate":false,"showSkybox":true,"showFlares":true,"showImageEffects":true,"showParticleSystems":true},"in2DMode":false,"pivot":{"x":0.431243896484375,"y":0.0135498046875,"z":0.0634765625},"rotation":{"x":0.23200976848602296,"y":-0.07723607867956162,"z":0.01848103664815426,"w":0.9694715738296509},"size":0.8923954963684082,"orthographic":true}