{"cameraMode":{"drawMode":0,"name":"Shaded","section":"Shading Mode"},"sceneLighting":true,"audioPlay":false,"sceneViewState":{"showFog":true,"showMaterialUpdate":false,"showSkybox":true,"showFlares":true,"showImageEffects":true,"showParticleSystems":true},"in2DMode":false,"pivot":{"x":473.10003662109377,"y":310.5,"z":-2.200000047683716},"rotation":{"x":0.002998589538037777,"y":0.029993480071425439,"z":-0.0000899765218491666,"w":0.9995459914207459},"size":814.436279296875,"orthographic":true}