{"cameraMode":{"drawMode":0,"name":"Shaded","section":"Shading Mode"},"sceneLighting":true,"audioPlay":false,"sceneViewState":{"showFog":true,"showMaterialUpdate":false,"showSkybox":true,"showFlares":true,"showImageEffects":true,"showParticleSystems":true},"in2DMode":false,"pivot":{"x":511.72393798828127,"y":-0.7247503399848938,"z":63.34668731689453},"rotation":{"x":0.07868906855583191,"y":-0.05679186433553696,"z":0.004487623926252127,"w":0.995277464389801},"size":818.25244140625,"orthographic":false}