{"cameraMode":{"drawMode":0,"name":"Shaded","section":"Shading Mode"},"sceneLighting":true,"audioPlay":false,"sceneViewState":{"showFog":true,"showMaterialUpdate":false,"showSkybox":true,"showFlares":true,"showImageEffects":true,"showParticleSystems":true},"in2DMode":false,"pivot":{"x":39.360015869140628,"y":680.9600219726563,"z":0.0},"rotation":{"x":0.05933095142245293,"y":-0.032935552299022678,"z":0.0019585967529565098,"w":0.9976948499679565},"size":115.7994613647461,"orthographic":true}